{
  "baseline": {
    "intra": 0.8592577576637268,
    "inter": 0.8613618612289429,
    "ratio": 1.002448745497436,
    "knn5": 0.6162,
    "silhouette": 0.003085998585447669
  },
  "rollout": {
    "intra": 0.8829795718193054,
    "inter": 0.9560458064079285,
    "ratio": 1.082749631951367,
    "knn5": 0.588,
    "silhouette": -0.00019480660557746887
  }
}