{
  "baseline": {
    "intra": 0.8553236722946167,
    "inter": 0.8692635297775269,
    "ratio": 1.0162977571350422,
    "knn5": 0.877,
    "silhouette": 0.0674852803349495
  },
  "rollout": {
    "intra": 0.8759588003158569,
    "inter": 0.9822791218757629,
    "ratio": 1.121375938596163,
    "knn5": 0.862,
    "silhouette": 0.062421172857284546
  }
}